{"cameraMode":{"drawMode":0,"name":"Shaded","section":"Shading Mode"},"sceneLighting":true,"audioPlay":false,"sceneViewState":{"m_AlwaysRefresh":false,"showFog":true,"showSkybox":true,"showFlares":true,"showImageEffects":true,"showParticleSystems":true,"showVisualEffectGraphs":true,"m_FxEnabled":true},"in2DMode":false,"pivot":{"x":-45.324974060058597,"y":34.326759338378909,"z":-129.17059326171876},"rotation":{"x":0.21242068707942964,"y":0.27837225794792178,"z":-0.06327351927757263,"w":0.9345483183860779},"size":0.004289829637855291,"orthographic":false}