{"cameraMode":{"drawMode":0,"name":"Shaded","section":"Shading Mode"},"sceneLighting":true,"audioPlay":false,"sceneViewState":{"m_AlwaysRefresh":false,"showFog":true,"showSkybox":true,"showFlares":true,"showImageEffects":true,"showParticleSystems":true,"showVisualEffectGraphs":true,"m_FxEnabled":true},"in2DMode":false,"pivot":{"x":0.23260483145713807,"y":22.860454559326173,"z":1.8094606399536133},"rotation":{"x":0.37690991163253786,"y":0.0776679515838623,"z":-0.03173508867621422,"w":0.9224422574043274},"size":10.990575790405274,"orthographic":false}