{"cameraMode":{"drawMode":0,"name":"Shaded","section":"Shading Mode"},"sceneLighting":true,"audioPlay":false,"sceneViewState":{"m_AlwaysRefresh":false,"showFog":true,"showSkybox":true,"showFlares":true,"showImageEffects":true,"showParticleSystems":true,"showVisualEffectGraphs":true,"m_FxEnabled":true},"in2DMode":false,"pivot":{"x":2.326446533203125,"y":-2.3386993408203127,"z":-2.728546142578125},"rotation":{"x":-0.04573711380362511,"y":0.9542428851127625,"z":-0.20578329265117646,"w":-0.21208927035331727},"size":100.69502258300781,"orthographic":false}