{"cameraMode":{"drawMode":0,"name":"Shaded","section":"Shading Mode"},"sceneLighting":true,"audioPlay":false,"sceneViewState":{"m_AlwaysRefresh":false,"showFog":true,"showSkybox":true,"showFlares":true,"showImageEffects":true,"showParticleSystems":true,"showVisualEffectGraphs":true,"m_FxEnabled":true},"in2DMode":false,"pivot":{"x":-0.012944221496582032,"y":-5.68114709854126,"z":0.11983299255371094},"rotation":{"x":-0.05022461712360382,"y":0.9497554898262024,"z":-0.21527592837810517,"w":-0.22158177196979524},"size":25.788230895996095,"orthographic":false}